pm_name,lng,lat,pm_location
七虎公園,121.50205994,25.136499405,育仁路108號（薇閣小學旁）
七星公園,121.50302124,25.136619568,光明路、中山路交叉口（新北投捷運站）
大豐公園,121.50373077,25.131940842,公館路13號旁
中央公園,121.49992371,25.128099442,大興街與中央南路二段6巷口
中庸公園,121.50124359,25.138040543,位於北投區中庸里雙全街50號對面
丹鳳公園,121.5109787,25.126480103,公館路255巷19弄旁
公館公園,121.50643158,25.127990723000003,奇岩新社區(公三)
天狗庵遺址,121.50666809,25.135929108000003,溫泉路73巷(天狗庵舊址)
文化3號公園,121.49471283,25.137699127,中央北路二段68巷進入(42巷11弄旁)
文化公園(一),121.4965,25.1365,位於北投區文化里中央北路二段文化國小對面
文化公園(二),121.49684143,25.13643074,位於北投區文化里中央北路一段228巷
北投204號環保公園(八仙公園),121.50308,25.12041,承德路七段與公館路交會
北投258號承德4號綠地,121.51245,25.1019,承德路六段與福國路交叉口，北投士林科技園區(綠4，區段徵收)
北投公園,121.50473022,25.13656044,北投區中山路、光明路所圍範圍
北投社三層崎公園,124.491156,25.14574,北投區秀山路50號旁
石牌公園,121.51036072,25.116359711,石牌路一段39巷內
立農公園,121.50350952,25.118789673,承德路七段378號
吉利公園,121.50836945,25.119010925,位於北投區立農里吉利街179號旁
同德公園,121.52944946,25.125070572,位於北投區永欣里同德街27巷19號對面
地熱谷公園,121.5109787,25.137559891,臺北市北投區中山路30-1號(中山路與溫泉路交口)
行義公園,121.52523041,25.125389099,石牌路二段343巷8號
奇岩一號公園,121.50375366,25.127080917,臺北市北投區磺港路208號(奇岩新社區公一)
奇岩二號公園,121.50369263,25.126499176,臺北市北投區216號(奇岩新社區公二)
奇岩三號公園,121.50521851,25.125980377,奇岩新社區(公四)
東華公園,121.50707245,25.121839523,東華街二段300巷19號對面
林泉公園,121.51482,25.14133,溫泉路168號旁
知行公園,121.46665192,25.119729996,位於北投區關渡里知行路225巷
長安公園,121.50016022,25.135559082,育仁路109號對面(薇閣國小旁)
長安公園,121.50183868,25.136140823,位於北投區長安里育仁路109號對面
前山公園,121.54844369998614,25.15057652403493,臺北市北投區建國街4號旁及紗帽路117號對面
建民公園,121.52036285,25.105640411,文林北路16巷7號對面
泉源47號公園,121.5124588,25.14209938,泉源路80號對面山腳下
泉源48號公園,121.50715637,25.141939163000004,北投珠海路120號附近
洲美蜆仔港公園,121.51118635,25.100997114,台北市士林區承德路六段329號
致遠公園,121.5150528,25.111270905,位於北投區榮光里致遠一路二段自強市場旁
重三公園,121.48928833,25.140159607,新興路與重三路交叉口(重三新村八期重劃)政校後勤區
振華公園,121.51885223,25.115169525,位於北投區振華里振華街24號對面
振興公園,121.52304077,25.118219376,天母西路與磺溪交叉口
桂花公園,121.51022339,25.137910843,中山路5-7號(林泉里辦公處旁)
桃源公園,121.48275757,25.138069153000004,中央北路三段148巷
健行公園,121.50882721,25.121210098,位於北投區東華里致遠三路147巷二弄內
崇仰公園,121.51106,25.12609,崇仰一路、公館路225巷底
清江一公園,121.50247955,25.123910904,位於北投區清江里崇仁路一段154號對面
清江二公園,121.50189209,25.123680115,位於北投區清江里崇仁路1段154號旁
軟橋公園,121.51761299999998,25.103102,台北市北投區文林北路53巷51號
復興公園,121.50322723,25.139690399000003,北投中和街200號
開明公園,121.50531769,25.141130447,珠海路112號附近
陽明公園,121.53901115595212,25.1590167546868,臺北市北投區湖山路二段
新興公園,121.48703,25.13934,新興路145號旁(六期重劃)
溫泉綠地,121.512342,25.138933,溫泉路137號旁
聖景一公園,121.46351,25.12045,聖景路100號內
聖景二公園,121.46381,25.12038,聖景路101號旁
聖景三公園,121.46382,25.12046,聖景路100號內
榮光公園,121.51429,25.11472,位於北投區榮光里石牌路1段石牌國中對面
榮富公園,121.52472687,25.114229202,榮華三路及磺溪旁(過天母橋)
榮華A公園,121.52198792,25.110549927,明德路150巷3弄
榮華B公園,121.524858,25.111727,榮華一路5巷前
稻中公園,121.4892807,25.138629913000003,中央北路二段334號旁(政校後勤區)
稻香公園,121.4885788,25.140949249,位於北投區稻香里新興路72號對面
學園公園,121.46634674,25.128269196,學園路、藝術大學門口旁
磺港公園,121.50406647,25.130670547,磺港路大興街交口
豐年公園,121.49665833,25.136009216,位於北投區豐年里中央北路大業路口
關渡公園,121.46369,25.11973,知行路210巷底
觀海公園,121.46344757,25.123580933000003,中央北路4段601巷附近
嗄嘮別公園,121.48442078,25.140350342,中央北路三段、桃源國小東北側
大業綠地(北投163號),121.49053955,25.136240005,大業路西側大度路口起延伸至大業路517巷旁田埂路
中和綠地,121.49880219,25.141880035,中和街363號附近
天溪綠地,121.5301,25.13519,行義路58巷33號附近
文化綠地,121.498406,25.137449,大業路、永興路一段交叉口
北投106號綠地,121.5209045457264,25.111082076785888,建明路165之1及明德路旁(石牌綠地系統)
北投120號綠地,121.50111499999998,25.120132,承德路七段400號前(公館路至磺港溪間)
北投121號綠地,121.50498962,25.116640091,承德路七段214號前東側
北投122號綠地,121.50892639,25.113069534,承德路七段168號旁前東側
北投123號綠地,121.503849,25.117135,承德路七段前西側(尊賢街267巷口對面起迄立農公園對面)
北投124號綠地,121.506329,25.114865,承德路六段到承德路七段(福國路口起迄立賢西路口間)前西側
北投135號綠地,121.51030731,25.111839294,承德路七段上(32巷至石牌路一段間)
北投138號綠地,121.50273895,25.114419937,承德路七段右側，立賢路南側
北投139號綠地,121.50312805,25.115020752,承德路七段右側，立賢路北側
北投160號綠地,121.496586,25.135316,大業路二段533-545號前
北投164號綠地,121.49597931,25.133449554,大業路東側，十信工高旁
北投165號綠地,121.49623871,25.131759644,大業路452巷
北投166號綠地,121.49687195,25.13051033,大業路東側
北投167號綠地,121.497707,25.128405,大業路400號東側
北投168號綠地,121.49919128,25.124370575,大業路50號東側
北投169號綠地,121.499533,25.12072,大度路一段，承德路口南側
北投181號一德綠地,121.46476746,25.123939514,大度路三段，中央北路四段(萬善宮旁)
北投182號綠地,121.46772766,25.123399734,大度路三段274號北側
北投183號綠地,121.47186279,25.123010635,大度路三段北側
北投185號綠地,121.464987,25.123425,大度路三段南側(關渡派出所後)
北投186號綠地,121.46652985,25.123029709,大度路三段南側，知行路314號旁
北投187號綠地,121.46829224,25.122909546,大度路三段南側
北投188號綠地,121.47055817,25.122749329,大度路三段南側
北投191號綠地,121.48084259,25.122489929,大度路二段北側
北投192號綠地,121.48091125,25.122089386,大度路二段南側
北投203號綠地,121.5031,25.12065,公館路423巷11-17號前(區段徵收)
北投257號承德3號綠地,121.512199,25.10442,承德路六段上，北投士林科技園區(綠3，區段徵收)
北投39號綠地,121.462777,25.121984,聖景路140~150號前
北投62號綠地,121.503215,25.129382,磺港路上(清江路177巷口至清江路113巷口)
北投63號綠地,121.50334167,25.127590179,磺港路上(三合橋旁至清江路177巷口)
北投64號綠地,121.503285,25.126383,磺港路上(崇仁路一段131巷口至三合橋旁)
北投65號綠地,121.50305176,25.124689102,磺港路上(崇仁路一段155巷口至131巷口)
北投66號綠地,121.50296021,25.123739243000003,磺港路上(崇仁路一段155巷口兩側)
北投69號綠地,121.51203918,25.126020432,崇仰一路11號旁
北投88號綠地,121.5144446,25.1176296,立農街202巷9弄及義理街63巷旁(石牌綠帶系統)
北投90號綠地,121.52033234,25.118619919,石牌路二段臺北護理大學圍牆外(榮總對面)
北投91號綠地,121.52163696,25.119029999,石牌路二段上振興街口與天母西路口間(榮總急診入口處對面)
北投92號綠地,121.52227783,25.119260788,石牌路二段與天母西路、天母西路130巷間
北投98號綠地,121.51550293,25.115659714,石牌路二段上(東華街二段起至裕民三路口)
永和綠地,121.52793121,25.127910614,行義路98號附近
永欣綠地,121.52695,25.12384,石牌路二段371巷3號
田心仔綠地,121.49492645,25.135139465,中央北路二段257巷東側，大業路525巷6弄旁
安明綠地,121.502133,25.135616,光明路157巷2弄1號(七虎公園旁)
奇岩4號綠地,121.50554657,25.126039505,三合路一段，清江國小旁。
忠義公園,121.47792053,25.135019302,台北市北投區中央北路四段32號旁
承仙綠地,121.50263214,25.119680405,承德路7段.公館路交會東北側
明德綠地,121.52098083,25.10725975,東華街一段10號附近
林投坑(一)綠地,121.48937225,25.136749268000003,中央北路二段257號後(貴子坑溪至北投捷運機場北側)
林投坑(二)綠地,121.4890976,25.136510849,中央北路二段257號後(貴子坑溪至北投捷運機場南側)
湖山綠地,121.543830428476,25.1517872961329,台北市北投區湖山路一段
番仔厝綠地,121.49590302,25.134130478000003,大業路525巷及517巷之間
磅空頂綠地,121.46507263,25.122980118,大度路三段301巷28弄底，馬偕護校東側(原北投第二號公墓)
櫻花崗公園,121.52616,25.12349,石牌路二段與天母北路交叉口
北投3號廣場,121.49784088,25.131959915,北投路二段，捷運北投站前廣場(捷運局82年代辦重建)
北投6號廣場,121.50373077,25.13697052,大業路、光明路口，捷運新北投站前廣場(捷運局闢建)
41號公園,121.5644,25.10709,中社路雙溪國小對面
士林官邸公園,121.53015137,25.094900131,中山北路5段378巷以北/福林路.中山北路交叉口右側(士林官邸)
天母公園,121.530518,25.1259089,臺北市士林區中山北路7段141巷旁
天和一號公園,121.53471,25.11844,天母東路69巷口
天和公園,121.53398895,25.119819641,臺北市士林區天母東路69巷前
天壽公園,121.5256861,25.1140282,中山北路六段405巷右側
天壽公園,121.5256861,25.1140282,中山北路六段405巷右側
天福二號綠地,121.53160858,25.117090225,天母東路8巷25-1號對面
外雙溪公園,121.55239105,25.101270676,至善路2段284巷19號
仰德一號公園,121.53778076,25.100070953000003,仰德大道1段2-1號
仰德二號公園,121.53827667,25.099990845,仰德大道1段2-2號
名山公園,121.53237152,25.101549149,至誠路一段215號旁(雨農橋附近)
至善公園,121.53829193,25.098190308000003,臺北市士林區福林路、至善路口東北側
至誠公園,121.53668213,25.101089478,至誠路1段24號對面
至德園公園,121.54640198,25.098400116,至善路2段113巷
住六(公一)公園,121.55949250044912,25.13691396309928,臺北市陽明山住六(公一)重劃區  臺北市士林區富館街附近
住六(公二)公園,121.55764994426852,25.13760535221268,陽明山6-6重劃區(臺北市士林區草東街附近)
克強公園,121.521967,25.107985964,臺北市士林區磺溪街55巷
志成公園,121.53086,25.09669,臺北市士林區中正路與志成街交叉口
忠誠公園,121.52574158,25.103420258000003,臺北市士林區中山北路六段與忠誠路一段交叉口
承德公園,121.52198029,25.089660645,大南路138號對面
明勝公園,121.51918700000002,25.079968,承德路4段6巷56號旁
東和公園,121.5336861,25.1226002,臺北市士林區中山北路7段114巷旁
社子公園,121.50602722,25.090370178,臺北市士林區永平街20巷11弄3號對面
社正公園,121.51042175,25.087499619000003,中正路與重慶北路四段交叉處
芝山公園,121.53177643,25.102369308000004,至誠路一段、雨聲街交叉口
花卉試驗中心,121.54441064313797,25.13501543281401,臺北市士林區仰德大道4段175巷32號
前港公園,121.52015559999998,25.0860629,臺北市士林區前港街與華齡街交叉口
後港公園,121.514454,25.093237,承德路五段78號旁（度量衡檢定所旁）
美崙公園,121.51721954,25.097379684,臺北市士林區美崙街152巷
原住民文化主題公園,121.55075073,25.101570129,臺北市士林區至善路2段221號旁
海光公園,121.50788116,25.081850052,臺北市士林區環河北路三段與葫蘆街交口
基河公園,121.52401733,25.080039978,基河路14號對面
華聲公園,121.52249146,25.095979691,華聲街20號對面
華齡公園,121.52316284,25.084049225,承德路，後港街間
新佳公園,121.5194931,25.098630905,文昌路179巷12號對面
福中公園,121.51883698,25.087919235,福港街107巷百齡國小附近
福志公園,121.53405762,25.099050522,臺北市士林區忠勇街40巷20弄底
福林公園,121.52947235,25.0958004,中山北路與福林路交叉口
福華公園,121.5189218,25.0821799,通河街325巷北側
福順公園,121.51113129,25.082349777,延平北路5段136巷內
翠山公園,121.56995,25.10845,中央社區翠山街與中社路二段口
德仁公園,121.52146149,25.102659225,文林路714巷內
德行公園,121.52365112,25.105110168000003,德行西路30號仰德活動中心旁
衛理兒童遊樂場,121.55330658,25.102329254,衛理女中宿舍邊(原為衛理公園)
磺溪公園,121.52062988,25.104879379,德行西路93巷底
雙溪公園,121.53591919,25.098039627,福林路至善路口東南側
蘭雅一號公園,121.5291121,25.1099324,臺北市士林區忠誠路2段24號旁
蘭雅公園,121.529919,25.109744,臺北市士林區忠誠路2段32巷旁
蘭興公園,121.52317047,25.110340118000003,臺北市士林區克強路10巷底
209號綠地,121.52806854,25.092599869,中山北路五段東側5米綠帶(原203號公園區段徵收)
士林116號綠地,121.51360321,25.096460342,承德路五段
士林117號綠地,121.51390076,25.09703064,承德路五段
士林118號綠地,121.51946259,25.093179703,基隆河廢河道，中正路北側
士林120號綠地,121.52044678,25.09305954,基隆河廢河道，中正路南側
士林121號綠地,121.51580811,25.092269897,承德路五段
士林128號綠地,121.5223465,25.084669113,前港街10號前
士林130號綠地,121.50258636,25.089599609,延平北路六段271-1號
士林131號綠地,121.50559235,25.090789795,"永平街46巷1弄,3弄間"
士林132號綠地,121.50682068,25.090660095,延平北路六段110巷
士林136號綠地,121.51091003,25.086910248,百齡橋西側引道三角綠地
士林139號綠地,121.50940704,25.084869385,延平北路五段257巷41號前
士林151號綠地,121.54843903,25.095760345,自強隧道綠地
士林156號綠地,121.554827,25.103392000000003,至善國中邊
士林179號綠地,121.52942657,25.104330063000003,芝山公園石頭公廟綠地
士林197號綠地,121.558964,25.136188,永公路245巷34弄
士林198號綠地,121.55392,25.141013,中庸一路205巷底
士林199號綠地,121.55845642,25.140520096,永公路245巷34弄西側
士林200號綠地,121.56166840000002,25.136980057,永公路245巷34弄東側
士林201號綠地,121.56066895,25.133640289,永公路245巷34弄西側(往閻錫山墓園小路兩旁)
士林206綠地(番仔田綠地),121.54802704,25.097959518000003,故宮路15巷底
士林207綠地(番仔田小綠地),121.54839325,25.096759796,故宮路41巷底
士林208號綠地,121.5337677,25.097330093000004,"福林路,泰北中學旁"
士林4號綠地,121.54627228,25.136880875,凱旋路與格致路交叉口
士林68號綠地,121.53643036,25.099069595,福林路、至善路交叉口綠地
士林73號天美綠地,121.52597046,25.121599197,天母西路95巷
士林75號綠地,121.529441,25.123203,天玉街圓環
士林76號綠地,121.532776,25.124725,天母派出所前圓環 (中山北路6段底)
士林79號綠地,121.52677917,25.115579605,中山北路六段405巷21號前.
士林80天壽二號,121.52642059,25.113260269,中山北路六段左側，士東國小對面
士林89號綠地,121.52893066,25.105770111,德行東路104巷口
天福綠地,121.532547,25.116750717,天母東路22巷23號對面
永倫綠地,121.50052643,25.091520309,倫等街
至臨綠地,121.55560303,25.104290009,外雙溪至善路二段290號
東吳綠地,121.5427475,25.096580505,臨溪路旁
添壽一號綠地,121.52690125,25.116739273,天母西路32巷底
聖山綠地,121.53234863,25.106830597,忠義街，德行東路190巷交叉口
福文公園,121.52722931,25.090650558000004,中山北路五段441號
福德綠地,121.51229095,25.079509735,重慶北路四段1巷，高速公路交流道旁
蘭興1號綠地(士林173號,121.52619934,25.112800598000003,中山北路六段士東路口
士林3號廣場,121.52461243,25.104530334,忠誠路中山北路六段交叉口西側
士林4號廣場,121.53199005,25.096050262,福林路與雨農路交叉口
天母廣場,121.5300827,25.118749619000003,中山北路與天母東.西路交接處
天生廣場,121.53125,25.126190186,中山北路七段219巷旁
一江公園,121.53125763,25.053279877,一江街31號對面
八二三砲戰紀念公園,121.52677155,25.076799393,圓山飯店東側
力行三號公園,121.53668976,25.085430145,"通北街146巷,力行新村附近"
下埤公園,121.5422821,25.06701088,民族東路512巷內
下塔悠公園,121.55956268,25.076929092,樂群一路旁，基隆河截彎取直範圍內(平均地權基金)
上塔悠公園,121.55200195,25.077510834,樂群一路旁，基隆河截彎取直範圍內(平均地權基金)
大佳社區公園,121.53765869,25.072750092,濱江街154巷對面（高速公路旁）
大直公園,121.54727936,25.082710266,北安路621巷30號邊
中427公園,121.55599213,25.080329895,敬業三路與樂群二路交會口
中428公園,121.553485,25.078447,樂群二路30巷內
中429公園,121.555858,25.078469,樂群二路116巷旁
中430公園,121.56208038,25.078290939,基湖路120巷30弄1至7號對面
中431公園,121.56520844,25.077400208,基湖路151巷46弄對面
中山21號廣場,121.55628204,25.080799103,"樂群二路旁,基隆河截彎取直範圍內"
中吉公園,121.53183746,25.056360245,松江路170巷內
中安公園,121.52398682,25.056489944000003,中山北路2段65巷2弄內
中原公園,121.52858734,25.055810928000003,吉林路144巷與中原街交口處
仁德公園,121.52908325,25.053180695,吉林路108巷吉林國小附近
四平公園,121.53450775,25.053230286,松江路123巷內
正守公園,121.528745,25.048051,長安東路一段56巷
民享公園,121.52111053,25.059230804,民生西路45巷9弄內
永安公園,121.54521179,25.079120636,北安路518巷14弄內
永直公園,121.55052948,25.08147049,北安路608巷14弄1號
永盛公園,121.52480316,25.059030533,"中山北路2段93巷26,40號間"
永靜公園,121.52178192,25.061559677,中山北路二段128巷內
伊通公園,121.53476715,25.050159454,松江路85巷內
吉林公園,121.52893066,25.050825119,吉林路14巷內
合江公園,121.53948212,25.058660507,合江街73巷口
朱昌公園,121.53881836,25.055459976,合江街58巷口
朱厝崙公園,121.5410614,25.047550201,龍江路21巷內
朱崙公園,121.54168701,25.049339294,龍江路45巷內
江寧公園,121.53941345,25.061229706,龍江路286巷
自強公園,121.548603,25.086019,大直街124巷內
明水公園,121.54805756,25.078819275,北安路538巷1弄1號前
林森公園,121.52587128,25.052339554,南京東路一段、林森北路右側
松江公園,121.53246307,25.050369263,松江路90巷
松錦1號公園,121.532404,25.060117,民生東路二段127巷
松錦2號公園,121.53208899999998,25.059608,民生東路二段115巷25弄
直安公園,121.54785156,25.081199646,北安路573巷內
花博公園美術園區,121.5239563,25.07060051,中山北路以東，民族東路以北 (原民族公園)
花博公園圓山園區,121.52062225,25.071569443,捷運圓山站以東、兒育中心以南、爭豔館以北、中山北路以西
花博公園新生園區,121.53050232,25.068569183,新生北路三段105號.民族東路松江路間
金泰公園,121.565167,25.076495,樂群一路旁，基隆河截彎取直範圍內(平均地權基金)
建興公園,121.53817749,25.047149658,八德路二段167巷內
培英公園,121.54498291,25.082269669,北安路501巷實踐大學前
康樂公園,121.52514648,25.053409576,南京東路一段、林森北路左側
復華公園,121.53968048,25.053129196,龍江路114巷內
晴光公園,121.52456665,25.063899994,"雙城街7,13及10巷口"
華山公園,121.525861,25.047745000000003,市民大道二段上
進安公園,121.53746796,25.045869827,八德路二段146巷內
集英公園,121.521344,25.065402,中山北路三段36巷14弄
圓山自然景觀公園,121.52233,25.075055,台北市中山區玉門街33號
敬業公園,121.556045,25.085728,北安路821巷4弄
新喜公園,121.53218842,25.065429688,吉林路393巷內
新祿公園,121.52964783,25.067159653,新生北路3段87巷內
新壽公園,121.52992249,25.063310623000003,吉林路301號對面
新興公園,121.52465057,25.061519623,中山北路二段137巷內
農安公園,121.53526306,25.065280914,農安街227巷3弄底
榮星花園公園,121.54049683,25.062650681,榮星花園舊址，民權東路建國北路
聚葉公園,121.52723600000002,25.060496,新生北路二段與錦州街交口(錦州橋下)
劍潭公園,121.524598,25.080108,圓山飯店西側，中山北路四段
德惠公園,121.53156281,25.067489624,吉林路461巷內
撫順公園,121.52199,25.064579,中山北路三段大同公司前
興安公園,121.54177856,25.055679321,遼寧街170巷
興亞公園,121.53160095,25.047380447,長安東路二段36巷內
興國公園,121.541941,25.0531,遼寧街116巷旁
遼寧公園,121.54231262,25.053600311,遼寧街185巷口
錦北公園,121.53582764,25.060489655,錦州街275號旁
錦州公園,121.52931976,25.060619354,錦州街138號對面
龍江公園,121.54216003,25.059820175,龍江路271巷
雙城公園,121.52401733,25.067310333,"雙城街40,46及37,43巷口"
力行1號綠地,121.53887177,25.084100723,通北街65巷，大直圓山二村，力行新村附近
力行2號綠地,121.53793335,25.083349228000003,大直圓山二村，通北街118巷內
中山129號綠地,121.53967285,25.053720474,中山區復華里龍江路118號
中山161號綠地,121.53315735,25.078069687,北安路忠烈祠圓環
中山240號綠地,121.54959869,25.086969376,北安路自強隧道口右側
中山381號綠地,121.54720306,25.07959938,北安路538巷口
中山411號綠地,121.55644989,25.083290100000003,"敬業三路旁,基隆河截彎取直範圍內"
中山412號綠地,121.55645752,25.082300186,"敬業三路旁,基隆河截彎取直範圍內"
中山413號綠地,121.55619812,25.083320618,"敬業三路旁,基隆河截彎取直範圍內"
中山414號綠地,121.5561676,25.081260681,"敬業三路旁,基隆河截彎取直範圍內"
中山415號綠地,121.55262756,25.080120087,"樂群二路旁,基隆河截彎取直範圍內"
中山416號綠地,121.55377197,25.080070496,"樂群二路旁,基隆河截彎取直範圍內"
中山417號綠地,121.5552597,25.080070496,"樂群二路旁,基隆河截彎取直範圍內"
中山418號綠地,121.55737305,25.080059052,"樂群二路旁,基隆河截彎取直範圍內"
中山419號綠地,121.55934143,25.080039978,"樂群二路旁,基隆河截彎取直範圍內"
中山420號綠地,121.56099701,25.080049515,"樂群二路旁,基隆河截彎取直範圍內"
中山421號綠地,121.56217194,25.080379486,"樂群二路旁,基隆河截彎取直範圍內"
中山422號綠地,121.552742,25.079860687,"樂群二路旁,基隆河截彎取直範圍內"
中山423號綠地,121.55380249,25.079839706,"樂群二路旁,基隆河截彎取直範圍內"
中山424號綠地,121.55491638,25.079839706,"樂群二路旁,基隆河截彎取直範圍內"
中山425號綠地,121.55581665,25.079839706,"樂群二路旁,基隆河截彎取直範圍內"
中山426號綠地,121.56221771,25.08011055,"樂群二路旁,基隆河截彎取直範圍內"
長春綠地,121.53800964,25.052900314,中山區復華里南京東路3段89巷27弄
中山4號廣場,121.52052307,25.052610397,中山區康樂里中山北路2段41號
九華公園,121.56137848,25.088590622,內湖路一段91巷39弄35-1號
下灣公園,121.59069824,25.066810608,內湖成功路二段189號旁      
上灣公園,121.59584045,25.065460205,民權東路六段210巷43號旁
大坑公園,121.598706,25.069037,民權東路六段191巷50號對面
大港墘公園,121.57299679999998,25.0774149,台北市內湖區港墘里瑞光路393號
大湖公園,121.602695,25.082976,成功路五段31號
山腳公園,121.57990265,25.084089279,環山路三段18號對面
五分公園,121.61479187,25.067119598,安康路448號對面
內湖125公園,121.61125946,25.064699173,南湖大橋東側與中山高速公路南側
文心公園,121.58418274,25.065450668,新湖二路及新湖三路交接處
文湖公園,121.560993,25.087427,內湖路1段91巷35弄40號對面
文德3號公園,121.57711792,25.075090408,內湖文德路50號至江南街71巷16弄
文德二號公園,121.58374023,25.077859879,文德路208巷旁
仙樹公園,121.56900024,25.085609436,環山路1段59巷14弄2號對面
北勢湖公園,121.56168365,25.083749771,內湖路一段66號旁(環保公園)
安泰公園,121.61863708,25.07408905,安泰街33巷底
安康公園(下),121.61061859,25.067209244,康寧路三段220號南湖高中旁
安康公園(上),121.61238098,25.067129135,康寧路三段245巷42號前
安湖三號公園,121.61569214,25.070419312,東湖路113巷49弄5號前
安湖公園,121.61541748,25.074020386,東湖路113巷141號前
成功公園,121.59662628,25.084299088,成功路四段223巷旁
行善公園,121.57557678,25.053260803,南京東路六段32號旁
西安公園,121.56748199,25.087450027,環山路一段136巷10弄10號對面
西安廣場,121.56085205,25.086759567,臺北市內湖區文湖街21巷20號對面
西康二號公園,121.5639267,25.084980011,內湖路1段203巷25號
西康公園,121.56439209,25.083120346,內湖路一段217巷旁
西湖公園,121.57038879,25.083610535,內湖路一段387巷3弄5-11號旁
扶輪親恩公園,121.57975006,25.066709518000003,民權東路六段30號旁
明美公園,121.5861969,25.06221962,南京東路六段北側（羊稠小段五期重劃區）
東湖一號公園,121.61213684,25.07559967,康寧路三段189巷163弄17號前
東湖二號公園,121.61092377,25.073890686,康寧路三段99巷39弄27號前
東湖四號公園,121.61808014,25.070449829,康樂街110巷16弄20號(康樂派出所前)
金瑞公園,121.58795166,25.08795929,金龍路213巷1弄28號前
金龍公園,121.59079901,25.08543218,金龍路112巷旁(碧湖國小旁)
長青公園,121.58174133,25.080980301,內湖路二段103巷34號旁
南湖一號公園,121.61109161,25.069139481,康寧路三段180巷22號對面(環保公園)
洲子1號公園,121.56433868,25.07957077,臺北市內湖堤頂大道、基湖路交叉口（環保公園、六期重劃）
洲子二號公園,121.5686264,25.07959938,瑞光路498號對面 (環保公園)
美善公園,121.57858276,25.056999207,行善路59巷20弄2號旁
畚箕湖公園,121.56006399999998,25.089436,文湖街21巷84至90號對面
康湖二號公園,121.6088,25.074042,成功路五段450巷23弄23號旁
康湖公園,121.6087265,25.074680328000003,成功路五段420巷30號旁
康寧公園,121.60958862,25.068910599,民權東路六段296巷121號對面
清白公園,121.59528351,25.081699371,成功路四段167巷16號對面（康寧國小旁）
港都公園,121.57523346,25.082719803000003,港華街40號旁(麗山國中後)
港華一號公園,121.573586,25.087734,環山路二段50巷2號旁
港華二號公園,121.57383728,25.087789536,環山路二段50巷11號旁
港華三號公園,121.57505798,25.086690903,環山路二段68巷14號麗山活動中心旁
港華六號公園,121.57462311,25.084260941,港華街85巷21號前
港華四號公園,121.57527924,25.086530685,環山路二段68巷14號對面
港墘公園,121.576437,25.080978,內湖路一段667巷9號之1
游美公園,121.59719849,25.064599991,民權東路六段206巷143弄底
湖山9號公園,121.60350037,25.085220337,大湖山莊街42-56號間
湖山八號公園,121.60327148,25.083919525,大湖山莊街25號旁
湖山三號公園,121.6044693,25.08716011,大湖山莊街65巷北側
湖山五號公園,121.60083771,25.081579208,大湖街158巷39號旁
湖山六號公園,121.60186005,25.083099365,大湖街166巷24號對面(大湖派出所後方)
湖山四號公園,121.60075378,25.082700729000003,大湖街160巷18弄2號對面
湖元公園,121.58702087,25.068229675,民權東路六段120巷3弄1號對面
湖畔公園,121.601473,25.088247,大湖山莊街177巷1號對面
湖聖公園,121.59176636,25.069770813,民權東路六段123巷20弄23號前
湖興公園,121.58959198,25.066930771,成功路二段312巷62號對面
湖寶公園,121.5995636,25.0666008,民權東路六段228號西側
週美綠地,121.58190155,25.056400299,臺北市內湖區新明路298巷以西至基隆河堤防
陽光公園,121.586719,25.076736,陽光街68巷口北側
新明公園,121.57881165,25.054130554,新明路428巷13號對面
煙波庭公園,121.59925079,25.086339951,大湖街131巷18弄61號對面
瑞光公園,121.5776825,25.071180344,瑞光路132巷旁內（六期重劃區）
瑞湖公園,121.57688904,25.069309235,民權東路六段19巷底
瑞陽公園,121.579223,25.077689000000003,文德路22巷10號對面
碧山公園,121.59195709,25.087080002,內湖路三段60巷10號前
碧湖公園,121.58428955,25.08218956,內湖路二段175號，國立臺灣戲曲學院旁
福壽公園,121.59655762,25.079809189,星雲街150巷18號旁
翠湖公園,121.602107,25.08626,大湖山莊街117號至147號後面
樂活公園,121.618814,25.068244,康樂街61巷15弄旁
樂康公園,121.62069702,25.070070267,康樂街61巷73弄24號對面
環東公園,121.5429306,25.043729782,南京東路六段北側與堤頂大道交叉口
麗湖公園,121.599282,25.073539,金湖路363巷67弄63號對面
寶湖公園,121.598514,25.067328,民權隧道西側(民權東路六段)
內湖110號綠地,121.5800705,25.071229935,臺北市內湖區瑞光路112巷及76巷旁(六期重劃)
內湖117號綠地,121.60185242,25.083269119,臺北市內湖區大湖山莊街與成功路5段交叉口、大湖設區國宅
內湖119號安興綠地,121.58367157,25.057699203,位於南京東路6段北側，安興街南側
文德1號綠地,121.58421326,25.078590393,臺北市內湖區文德路1號-91號間
石潭公園綠地,121.59320831,25.063119888000003,內湖成功路二段東側（麥帥公路兩側）
康樂綠地,121.6206131,25.07490921,臺北市內湖區康樂街191巷旁
港華5號綠地,121.57428741,25.085449219,臺北市內湖區環山路2段62號對面
湖興綠地,121.59089661,25.068939209,臺北市內湖區成功路2段312巷27號旁
紫陽綠地,121.58679962,25.076410294,臺北市內湖區陽光街55號、內湖高中後面
潭美綠地,121.5816803,25.057010651,新明路298巷16弄起至成功路2段潭美國小旁
麗湖綠地,121.600509,25.073374,金湖路363巷51弄口
治磐廣場,121.56630707,25.08272934,臺北市內湖區內湖路1段285巷8弄2號旁
港富廣場,121.57811737,25.080299377,臺北市內湖區內湖路1段715巷旁
灣仔廣場,121.59089661,25.068939209,臺北市內湖區成功路2段324巷4號旁
大同公園,121.51200104,25.067979813,延平北路三段99巷
大稻埕公園,121.51036835,25.058660507,歸綏街241號隔壁
大龍公園,121.51557922,25.070240021,大龍街244號旁
玉泉公園,121.50765228,25.049930573,西寧北路28號
至聖公園,121.51769257,25.07118988,承德路三段210號
忠和公園,121.50861359,25.057880402,歸綏街250巷
哈密公園,121.51559401448009,25.07484600388027,哈密街59巷
建成公園,121.51822662,25.0540905,承德路二段35號旁
迪化公園,121.51200867,25.071109772,迪化街二段243巷
國順公園,121.510025,25.066222,大同區昌吉街131巷西側
景化公園,121.51274109,25.065359116,伊寧街9巷
朝陽公園,121.51313,25.05595,重慶北路2段70巷旁
塔城公園,121.51080322,25.050720215,塔城街7號旁
德鄰公園,121.51473236,25.061929703,民權西路184巷11弄
蔣渭水紀念公園,121.51677704,25.059709549,錦西街51號對面
樹德公園,121.51628113,25.066799164000003,大龍街、大同區行政大樓旁
歸綏戲曲公園,121.51309204,25.057970047,重慶北路2段與歸綏街口
蘭州公園,121.51538086,25.063959122,蘭州街89巷
大同249綠地,121.51145935,25.077430725,大同區老師里迪化街364巷西北側
大同250綠地,121.50985718,25.077220917,大同區老師里迪化街364巷東南側
大同251綠地,121.51184845,25.078380585,大同區老師里環河北路敦煌路口三角綠地
敦煌1號綠地,121.51628876,25.0747509,大同區重慶里重慶北路3段交流道旁
敦煌2號綠地,121.51644135,25.076969147,大同區老師里敦煌路125號慶昌橋旁
大同16號廣場,121.50861359,25.056379318,大同區永樂里環河北路與民生西路口
大稻埕廣場,121.50953674,25.055000305,大同區永樂里永昌街與迪化街口之霞海城隍廟前
六藝廣場,121.5150528,25.074689865,大同區保安里孔廟西北側及保安宮南側道路
太原廣場,121.51663971,25.04747963,大同區建明里鄭州路與太原路口左右兩側廣場
永樂廣場,121.50965881,25.054660797,大同區永樂里迪化街永樂市場
保安廣場,121.51892853,25.070550919,大同區保安里庫倫街55巷旁(北側)
建成圓環,121.5142952,25.0527604,南京西路與重慶北路口東南側
八德公園,121.5457077,25.046930313,八德路二段366巷21之1號前
三民公園,121.5669632,25.061380386,三民路，撫遠街298號
中華公園,121.552484,25.053527,健康路15巷口
民生公園,121.55809784,25.057479858,民生東路五段36巷4弄與8弄間
民有一號公園,121.54740143,25.060770035,敦化北路244巷31號前
民有二號公園,121.54631805,25.059640884,民生東路三段113巷14號前
民有三號公園,121.54762268,25.058620453000003,民生東路三段127巷14號前
民權公園,121.55917358,25.061910629,富錦街359巷2弄，民權國小旁
吉仁公園,121.55348206,25.047809601,八德路3段、延吉街口
吉祥公園,121.56404877,25.050533295,八德路四段245巷52弄至56弄間
安平公園,121.56449127,25.053020477,南京東路五段251巷32弄8號旁
西松公園,121.56413269,25.053689957,三民路、健康路口
延壽一號公園,121.55635071,25.057630539,光復北路165巷17號前
延壽二號公園,121.55275726,25.057350159,民生東路四段56巷3弄20號前
延壽三號公園,121.55180359,25.056869507,敦化北路199巷5號前
松基公園,121.545445,25.055369,興安街174巷旁
長壽公園,121.55892181,25.053369522,健康路174號旁
美仁一號公園,121.55345917,25.050149918,南京東路四段52巷14號前
美仁二號公園,121.55342102,25.049499512,八德路三段99巷12～18號前
健康公園,121.56887054,25.05411911,健康路、松山變電所旁
婦聯公園,121.55973053,25.054689407,延壽街330巷20弄
富民生態公園,121.56433868,25.060150146,新東街41之7號
富錦一號公園,121.55902863,25.058889389,民生東路五段69巷2弄旁
富錦二號公園,121.55962372,25.059610367,民生東路5段69巷2弄27號旁
富錦三號公園,121.55889893,25.060239792,民生東路5段69巷4弄11號旁、富錦街374號
富錦五號公園,121.55354309,25.058849335,民生東路四段97巷4弄20號旁
富錦六號公園,121.55290222,25.058210373,民生東路四段105號旁
復盛公園,121.56147003,25.04747963,市民大道五段99號、八德路四段106巷
復源公園,121.55448151,25.046489716,光復南路22巷至32巷間
敦中公園,121.54589081,25.049900055,敦化北路4巷31號邊
敦化公園,121.5504837,25.046409607,八德路三段12巷52弄2之1號邊
敦北公園,121.55156708,25.061229706,敦化北路、民權東路口
新中公園,121.56086731,25.060520172,新中街、富錦街口
新東公園,121.568367,25.058799744,民生東路五段、撫遠街口
寧安公園,121.55487061,25.050350189,寧安街50巷、育達商職第二校區前
精忠2號公園,121.55284882,25.056390762,民生東路四段80巷旁
精忠公園,121.5521698,25.059339523,民生東路四段97巷6弄2號旁
慶城公園,121.54638672,25.05327034,慶城街16巷、南京東路3段303巷
撫遠公園,121.56694794,25.06444931,撫遠街367巷至389巷底
舊宗1號公園 ( 新東農園 ),121.56886292,25.061950684,撫遠街，撫遠街抽水站旁
舊宗2號公園,121.56999969,25.05491066,撫遠街，松山抽水站兩側
鵬程公園,121.56867218,25.055519104,健康路325巷6弄底
寶清公園,121.56764221,25.052120209,寶清街85號對面
松山121號綠地三民圓環,121.56256866,25.059160233000004,臺北市松山區民生東路五段三民路口
大理公園,121.49365997,25.034139633,環河南路二段125巷口
寺前公園,121.49920654,25.033540726,西園路一段282-2號(萬華火車站新站旁)
老松公園,121.50273895,25.038520813,桂林路與永福街之間(老松國小對面)
西園公園,121.49653625,25.026390076,東園街67巷及73巷之間(西園國小對面)
孝德公園,121.49425,25.024124,臺北市萬華區寶興街140巷17弄
和平青草園(原萬華402號公園),121.49720764,25.032659531,西園路一段與艋舺大道交叉口
東園公園,121.49524689,25.020950317,萬大路424巷及486巷68弄之間
長沙公園,121.49992371,25.041500092,環河南路一段、長沙街二段交口
長順公園,121.48902893,25.031850815,長順街46巷旁
青山公園,121.49830627,25.039369583000003,華西街8號旁
青年公園,121.505867,25.025110245,臺北市水源路199號
保德公園,121.49746704,25.022790909,東園街154巷旁
柳鄉公園,121.49543762,25.037260056,環河南路二段100巷內
桂林公園,121.49681854,25.038909912,環河南路二段與桂林路交口
華江一號公園,121.49411011,25.035890579,和平西路三段309巷與環河南路二段158巷間
華江七號公園,121.49340057,25.034990311,和平西路三段302巷1號
華江二號公園,121.494085,25.035864,環河南路二段154、156、158巷間
華江八號公園,121.49268341,25.034059525,環河南路二段250巷28弄旁
華西公園,121.49865723,25.038669586,華西街21巷內(桂林路與華西街口)
新糖廍公園(糖廍文化園區),121.494646292567,25.0335490550666,大理街160巷旁
萬華51號公園,121.50292206,25.03594017,萬華區富福里西園路1段與大理街交叉口
壽德公園,121.50113678,25.024429321,萬青街118巷旁
福星公園,121.50591278,25.046070099,漢口街與昆明街交叉口
綠堤公園,121.49289703,25.033210754,環河南路二段159巷邊
聚德公園,121.49472046,25.034889221,大理街175巷及和平西路三段286巷1弄間
艋舺公園,121.499911710484,25.036037850598102,"廣州街,西園路交叉口.(原龍山寺公園)"
糖廍公園,121.494652605268,25.034393112937305,大理街175巷內
錦德公園,121.49236298,25.023300171,德昌街與西園路二段281巷交叉口
萬華266號綠地,121.50309753,25.039159775,萬華區菜園里康定路與貴陽街2段交叉口
西本願寺（萬華406號）廣場,121.50708008,25.040300369,臺北市中華路1段及長沙街2段交會處
二二八和平公園,121.514297,25.042286,凱達格蘭大道3號
中央藝文公園,121.526856,25.046272,北平東路30號前
介壽公園,121.51463318,25.039260864000003,凱達格蘭大道西側，總統府前
文光公園,121.53085327,25.039039612,仁愛路二段65巷1弄口
文盛公園,121.53211975,25.016170502,羅斯福路三段284巷1號前
永昌公園,121.50995636,25.026229858,寧波西街181巷30號前
永福公園,121.532098,25.009801,福和橋邊，基隆路汀州路口
忠孝公園,121.53202057,25.041830063000003,忠孝東路二段134巷對面
信愛公園,121.52876282,25.034910202,臨沂街75巷11號
南昌公園,121.52020264,25.026819229,南昌路二段與和平西路一段交口
牯嶺公園,121.51867676,25.02312088,牯嶺街141號前
連雲公園,121.5318222,25.035209656,連雲街37巷與新生南路一段146巷交口.
逸仙公園,121.52002716,25.047700882,北平西路，中山北路口
齊東公園,121.52829742,25.041749954,齊東街53巷巷口.
黎明公園,121.51555634,25.044139862,南陽街38巷5號前
螢橋公園,121.51725006,25.026720047,和平西路1段116號
中正138號綠地,121.51451111,25.03783989,愛國西路林園道
北門廣場,121.5116831,25.0480021,忠孝西路與中華路一段東南側
交7廣場,121.51676178,25.046470642,中正區黎明里忠孝西路與公園路口（臺北車站南1門、南2門、南3門前）
交通4號廣場,121.51880646,25.047380447,中正區黎明里市民大道旁、逸仙公園西側
交通8號廣場,121.51651001,25.050319672,中正區黎明里忠孝西路與重慶北路口西側
行旅廣場,121.5132041,25.0477977,忠孝西路與重慶北路一段路口東北側
瑠公公園,121.54572296,25.042409897,復興南路1段135巷與大安路1段路口
瑠公圳公園,121.54312134,25.043609619,復興南路至建國南路
大安公園,121.54280853,25.042760849,安東街.復興南路1段126巷內
大安森林公園,121.5358429,25.0333004,"新生南路以東,信義路三段以南"
大學公園,121.53289795,25.021909714,溫州街46巷
仁慈公園,121.5457077,25.034130096,大安路1段224巷口
仁愛公園,121.54624176,25.036619186,大安路1段169巷
仁愛圓環,121.54968262,25.037630081,仁愛路與敦化南路交會處之圓環
公館公園,121.540791079854,25.011426723668,羅斯福路4段113巷內
古風公園,121.52905273,25.021970749,龍泉街108號對面
古莊公園,121.5282135,25.022729874,師大路92巷內
四維公園,121.54532623,25.030630112,瑞安街23巷24弄
平安公園,121.54931641,25.031959534,敦化南路2段37巷旁
民榮公園,121.53569794,25.035400391,新生南路1段157巷19號
民輝公園,121.53505707,25.039510727,仁愛路3段5巷3弄18號
永康公園,121.52971649,25.031620026,永康街17巷口
光信公園,121.55580139,25.035560608,延吉街241號
全安公園,121.5512085,25.02545929,和平東路3段119巷15號對面
安東公園,121.54482269,25.028930664,復興南路2段125巷20弄
安祥公園,121.54273224,25.034540176,信義路3段157巷10弄
辛亥一號公園,121.53266144,25.0227108,溫州街30巷14號
和平公園,121.54251862,25.023490906,和平東路2段118巷6弄
和安公園,121.54447937,25.034509659,復興南路1段313巷
居安公園,121.54933167,25.029680252,敦化南路2段81巷口右側
延吉公園,121.55577087,25.042570114,延吉街131巷
昌隆公園,121.5357132,25.0437603,市民大道與建國南路交叉口
東豐公園,121.54486084,25.035779953,復興南路1段279巷
法治公園,121.55291748,25.026910782,通化街186巷
臥龍公園,121.54988861,25.016700745,卧龍街118巷辛亥路3段交叉口
虎嘯公園,121.54927826,25.022529602,敦化南路2段319號旁
金山公園,121.524756055065,25.0309597983972,金山南路二段92巷底
金杭公園,121.52687705424,25.0329003787131,金山南路二段30巷
金華公園,121.53117371,25.029590607,金華街164巷1弄3號
附中公園,121.54225922,25.036340714,信義路3段147巷內
青峰公園,121.55140686,25.015699387,辛亥路3段239號邊
師大公園,121.52837372,25.024599075,師大路浦城街口
泰順公園,121.53163909999998,25.024620056,泰順街27巷旁
通化公園,121.5545578,25.032159805,文昌街與通化街口
富陽自然生態公園,121.557488,25.016674,富陽街底、聯勤彈葯庫舊址
敦仁公園,121.546908697084,25.0404019091231,敦化南路1段236巷與仁愛路4段71巷交口
敦安公園,121.55370331,25.034460068,信義路四段265巷12弄
敦親公園,121.54090881,25.022659302,和平東路2段96巷底
新龍公園,121.54016113,25.027650833000003,公車龍門國中站步行約7分鐘
溫州公園,121.53134155,25.018800735,羅斯福路3段283巷與新生南路3段86巷交叉口
瑞安公園,121.53935242,25.026130676,瑞安街155巷口
群賢公園,121.54656982,25.025400162,和平東路2段311巷43弄
誠安公園,121.54090881,25.042490005,忠孝東路3段237巷
嘉興公園,121.55194855,25.021369934000003,樂業街與嘉興街口
寧馨公園,121.53349304,25.04434967,八德路2段台北科大北側
福州山公園,121.55161285,25.015890121,辛亥路三段、興隆超市旁(福州山)
德安公園,121.54777527,25.034879684,四維路52巷
黎孝公園,25.019760132,121.55599213,和平東路3段308巷15弄
黎和生態公園,121.560002,25.015128,和平東路3段512巷底
錦安公園,121.52794647,25.027980804,金山南路2段203巷及麗水街口
龍生公園,121.54139709,25.026010513000003,和平東路二段175巷內
龍門公園,121.53668213,25.024259567,建國南路2段308巷
龍陣一號公園,121.5425415,25.027589798,復興南路2段180巷15弄
龍陣二號公園,121.5424881,25.029239655,瑞安街61號
龍圖公園,121.54160309,25.030490875,復興南路2段78巷42弄
臨江公園,121.55574036,25.028160095,基隆路2段132巷13號
大安125號綠地,121.53368378,25.044420242,八德路，中央圖書館台灣分館(國立台北工專前)
大安195號綠地,121.53143311,25.020019531,臺北市大安區溫州街58巷
大安398號綠地,121.54714966,25.04058075,敦化南路1段236巷
光信綠地,121.55368805,25.044189453,延吉街與市民大道交叉口
黎和綠地,121.56056976,25.015930176,台北市大安區臥龍街324號
錦華綠地,121.52957916,25.029579163,金華街，永康街55巷交叉口
三張里公園,121.56672668,25.030929565,松平路77號旁
三犁公園,121.57002258,25.029779434,信義路五段150巷14弄旁
三興公園,121.55954742,25.028579712,吳興街156巷40弄與吳興街118巷間
中全公園,121.57489014,25.038589478,虎林街164巷與松德路邊
中興公園,121.55924988,25.034269333,基隆路一段380巷 與光復南路473巷旁
五分埔公園(前名中坡公園),121.58010101,25.04693985,中坡北路、松隆路口(松山車站前)
五常公園,121.57434082,25.047689438000003,松隆路272號與永吉路225巷邊
四育公園,121.57514191,25.046760559000003,虎林街50巷與永吉路321巷邊
永吉公園,121.57504272,25.043590546,永吉路278巷57弄內
永春公園,121.57911682,25.042299271,忠孝東路五段703巷1弄與松山路393巷
永春陂濕地公園,121.580069,25.032812,松山路松山家商旁
永春崗公園,121.57759094,25.031709671,信義區松山路656巷2號旁
交五,121.57415009,25.049209595,信義區市民大道六段（松信路至虎林街）
安強公園,121.57534027,25.036689758,虎林街202巷66弄
吳興公園,121.56793976,25.023290634,吳興街432巷114號
念儒公園,121.57376099,25.037719727,忠孝東路五段236巷37弄底
林口公園,121.57894897,25.039060593,松山路515巷
松友公園,121.57614899,25.033910751,信義路六段76巷2弄
松智公園,121.56551361,25.035820007,信義區松智路1號
松壽廣場,121.56607819,25.037389755,松智路右側(信義計畫區)
松德公園,121.57328796,25.036020279,信義區松德路180巷8之1號對面
虎林公園,121.57729340000002,25.031480789,信義路六段76巷8弄與松德路307巷
信義安康公園,121.57006836,25.035720825,信義區松勇路47號旁
春光公園,121.58074188,25.042230606,忠孝東路五段、林口街口
革新公園,121.56736755,25.043830872,基隆路一段109巷與松隆路邊
泰和公園,121.56819916,25.023139954,吳興街583巷與600巷67弄間
眷村文化公園,121.56175232,25.031639099,信義區松勤路50號
富台公園,121.57224274,25.042070389000003,"松信路,虎林街120巷交叉口"
富生公園,121.56984711,25.042089462,永吉路30巷167弄底
惠安公園,121.56462097,25.024549484,吳興街320巷65號前
景平公園,121.56394196,25.02989006,莊敬路289巷口
景勤1號公園,121.56025696,25.026330948,吳興街220巷59弄旁
景勤2號公園,121.55748749,25.026039124,信義區嘉興街181巷21號對面
象山公園,121.57009125,25.030410767,信義區信義路5段150巷
雅祥公園,121.57183075,25.047569275,松信路與基隆路一段35巷7弄邊
福祥公園,121.57050323,25.046039581,永吉路127巷與松隆路99號邊
福德公園,121.58184814,25.038240433,福德街與大道路口
黎忠公園,121.55937195,25.019079208,和平東路三段435巷7弄
黎富公園,121.55670166,25.021009445,富陽街92號前
黎雙公園,121.56346893,25.024980545,吳興街284巷22弄(北醫南側)
糶米公園,121.572468,25.018614000000003,吳興街600巷旁
太子綠地,121.57707214,25.045190811,永吉路與虎林街交叉處
交六,121.57086945,25.049329758,市民大道6段(松信路至基隆路一段間)
松仁綠地,121.56771851,25.032749176,信義路五段南側與松仁路西側間
松光綠地,121.57852936,25.039499283,台北市信義區松山路465巷4號
松隆綠地,121.58010864,25.034959793,松山商職西南側松山路650巷
信義350綠地,121.56256866,25.039230347,松高路及基隆路交叉
信義351號綠地,121.56543732,25.039180756,松高路本線基隆路口至松仁路口
信義354號綠地,121.56842041,25.029460907,松仁路東側，信義路北側
信義355號綠地,121.56833649,25.030899048,松仁路東側、信義路五段南側
信義356號綠地,121.57370758,25.033380508,信義路五段北側、松德路西側
崇德綠地,121.55545044,25.024219513,台北市信義區嘉興街270號
惠安水與綠生活綠地,121.5682373,25.023359299000003,吳興街432巷37弄
黎平綠地,121.55712128,25.023189545,臺北市崇德街146巷17號
市民廣場,121.56275177,25.036640167,信義區市府路1號對面
忠信廣場,121.56790924,25.040540695,忠孝東路與松仁路交叉口(信義計畫區)
信義20號廣場,121.57758331,25.048749924000003,市民大道與松隆路及松山路
信義21號廣場,121.56446838,25.034730911,信義計畫、市府路
信義廣場,121.56604004,25.033479691,松智路與信義路交叉口(信義計畫區)
厚生廣場,121.56809998,25.043409348,永吉路30巷102弄與松隆路旁
景聯廣場,121.56140137,25.032520294,臺北市吳興街7巷
三重世貿公園,121.61538696,25.057929993,南港區經貿二路106巷
中南公園,121.61547089,25.05121994,忠孝東路七段596巷中南社區東側山坡上
中研公園,121.61305237,25.046890259,南港區研究路2段12巷58弄
中興公園,121.61485291,25.044200897,研究院路二段98巷
六福公園,121.61650848,25.047260284,研究院路二段35巷23弄
四分河濱公園,121.61569214,25.048629761,南港區研究院路2段2巷54弄
市民公園,121.5817337,25.049289703000003,玉成街38巷東北側，東新街12巷南側
玉成公園,121.58550262,25.042549133,南港區中坡南路55號
玉東公園,121.584156,25.050188,東新街與市民大道交叉口
合成18號綠園,121.58291626,25.046260834,臺北市忠孝東路6段玉成街口至東新街口
合成8號綠園,121.59378815,25.050830841,臺北市南港區東新街至忠孝東路6段449號
合成公園,121.58113861,25.045099258,永吉路536巷與中坡北路交叉口
合樂公園,121.58188629,25.048500061,玉成街(原南隆鐵工廠)
百福公園,121.58853912,25.037939072,福德街309巷19號對面
幸福公園,121.61605072,25.046020508,研究院路二段35巷旁交通資訊:公車圓拱橋站步行約3分鐘
昆陽公園,121.59420013,25.048719406,昆陽街171巷1-5弄東側、龍華路南側
東坡公園,121.5933075,25.045230865,東新街170巷5號後側
東明公園,121.6036377,25.054800034,南港路二段86巷9弄交通資訊：公車臺肥新村站步行約3分鐘，或捷運南港站、臺鐵南港站步行約15分鐘
東陽公園,121.60373688,25.057439804,臺北市南港區重陽路187巷旁交通資訊:公車中國電視公司站步行約3分鐘
南汐公園,121.61769104,25.054679871,南港路一段與研究路一段交叉口
南港公園,121.59191132,25.043069839,南港區東新街170之1號
南興公園,121.60690308,25.054019928,南港路一段360號南側交通資訊:公車南港行政中心站旁，或捷運南港站、臺鐵南港站步行約5分鐘
後山埤公園,121.58995056,25.043710709000003,南港區東新街170之1號
胡適公園,121.61791229,25.039920807,南港區研究院路2段130號對面
重陽公園,121.59915161,25.056200027,臺北市南港區重陽路120號旁交通資訊:公車中國電視公司站旁
理想公園,121.62158966,25.039869308000004,舊莊街一段145巷6弄28號交通資訊:公車舊莊國小站步行約3分鐘
瓶蓋印象公園,121.606226,25.053719,南港區興華路、市民大道口
港後公園,121.61537933,25.062749863,臺北市南港區經貿二路255巷交通資訊:公車南港軟體園區北站步行約3分鐘，或捷運南港展覽館站步行約15
湧聲公園,121.59275818,25.043279648,東新街170巷(自辦重劃區)
新勝公園,121.59316254,25.048849106,昆陽街152巷33號
新富公園,121.61695862,25.053030014,研究院路一段65巷交通資訊:誠正國中公車站步行約3分鐘，或捷運南港展覽館站步行約10分鐘
新新公園,121.588752,25.051391,南港路三段109巷南側
萬福公園,121.58444977,25.04624939,忠孝東路六段70巷10號對面
經貿公園,121.61636353,25.062580109,臺北市南港區經園街66號前 交通資訊:公車南港軟體園區北站步行約3分鐘，或捷運南港展覽館站步行約15
福山公園,121.61785126,25.044700623,研究院路二段61巷1弄16號交通資訊：公車中研院站步行約3分鐘
興南公園,121.59739685,25.055120468,興南街與重陽路交叉口交通資訊:搭乘公車紅32605副線至興華路站步行約3分鐘即可到達搭乘捷運捷運至捷
興華公園,121.60478973,25.056770325,興華路114巷交通資訊:公車興華路站步行約3分鐘，或捷運南港站、臺鐵南港站步行約15分鐘
聯成公園,121.58721924,25.046590805,忠孝東路六段250巷1弄
舊莊公園,121.62026978,25.041370392,舊莊街一段145巷12號前交通資訊:公車舊莊國小站步行約3分鐘
九如綠地,121.61631012,25.038560867,臺北市南港區研究院路二段150巷底、四分溪旁
四分綠地,121.61416626,25.03494072,臺北市南港區研究院路三段68巷6號
向陽綠地,121.59287262,25.056959152,臺北市南港區向陽路199巷旁、成功路1段79號
成福綠地,121.59294891,25.045370102,臺北市南港區東新街170巷口、南港公園旁
成德綠地,121.58746338,25.046449661,臺北市南港區東新街100號之1
東明綠地,121.60069275,25.054269791,臺北市南港路二段72巷21弄
東新綠地,121.60244751,25.053590775,臺北市南港區南港路二段104號
南深綠地,121.62316132,25.037929535,臺北市南港區舊莊街一段231號旁
南港11號圓環綠地,121.5949173,25.054040909,臺北市南港區南港路二段向陽路圓環
南港29號綠地,121.61723328,25.042390823,臺北市南港區研究院路二段、舊莊街一段交叉路口
南港65號園區綠地,121.61421967,25.059030533,臺北市南港區三重路21巷
新坡綠地,121.61775208,25.035610199,臺北市南港區研究院路二段213巷2號前
新南綠地,121.60655212,25.051849365,臺北市南港區忠孝東路七段398號
新陽綠地,121.60341644,25.056930542,臺北市南港區興南街272巷3號對面
合心廣場,121.58345795,25.046609879,臺北市南港區玉成街與忠孝東路六段交叉口
南港五號廣場,121.59980011,25.054069519,臺北市南港區南港路二段以南，178巷對面
140高地,121.56960297,25.003580093000004,文山區萬寧街125號
久康公園,121.56458282,24.989349365,久康街39號
小坑1號公園,121.58522797,24.983379364,萬壽路旁，木柵二期重劃區內
文山(景美)49號公園,121.54785156,24.995889664,景華街128巷3弄旁
文山木柵59號公園,121.58258057,24.98526001,台北市指南路二段225巷旁
木南公園,121.57083893,24.986530304,木新路2段43巷1號旁
木柵公園,121.56046295,24.986949921,文山區興隆路4段50號
木新公園,121.5580368,24.982219696,木新路3段278巷7弄11號對面
木榮公園,121.56865692,24.984640121,保儀路129號(景文高中後門邊)
水景公園,121.58683777,24.986980438000003,政大一街與政大二街間
仙岩公園,121.54936218,24.997970581,仙岩路16巷36號
光明公園,121.55471039,24.986469269,下崙路與光輝路口
光輝公園,121.55583954,24.986120224,光輝路9-1號前
辛亥生態公園,121.556764,25.003685,辛亥路四段至興德路間
坡內坑公園,121.57655334,25.004970551,木柵路四段159巷內
忠順公園,121.56114197,24.983140945,興隆路4段96巷底
忠順萊茵公園,121.56536865,24.986780167,興隆路四段109巷旁
明義公園,121.56098175,24.988069534,興隆路4段101巷口
芳寧公園,121.5632782,25.004529953,和平東路四段與萬寧街交叉口
保儀公園,121.56346893,24.983539581,木新路3段50巷、70巷內
恆光公園,121.56758881,24.982410431,木新路2段211巷10弄8號前
原野運動公園,121.57137299,24.99712944,萬芳路木柵高工旁
博嘉公園,121.57353973,25.000450134,軍功路47巷55號之8旁
景仁公園,121.5401001,24.996669769,景仁街1巷16號
景行公園,121.54277802,24.992519379,景中街景美國中對面
景美公園(原萬慶公園),121.53759766,24.994020462,文山區育英街45巷旁
景美運動公園,121.54451752,25.002540588,文山區景豐街80號旁
景華公園,121.54379272,24.995189667,文山區景華街55號
景福公園,121.54032135,24.995679855,溪口街36巷內
景豐公園,121.54505157,25.0001297,興隆路1段251號3弄
華興公園,121.55046844,24.989170074,試院路4巷內
順興公園綠地,121.56437683,24.986089706,興隆路四段109巷92弄旁
新榮公園,121.57022095,24.983329773,木新路2段111巷底
椰城公園,121.5687027,25.0063591,和平東路四段101巷6弄21號
萬年1號公園,121.53620148,25.005699158,汀州路4段122至146號對面
萬年2號公園,121.53620148,25.005699158,汀州路4段122至146號對面
萬年3號公園,121.53692627,25.007040024,汀州路4段105巷口
萬有1號公園,121.54295349,24.999830246,興隆路1段202巷
萬有2號公園,121.54190063,25.000709534,景明街11巷6弄8號前
萬有3號公園,121.54309845,24.998720169,景隆街107號前
萬和1號公園,121.53632355,25.000490189,萬隆街1至71號對面
萬和2號公園,121.53653717,25.001489639000003,萬隆街72至80號對面
萬和3號公園,121.53633881,25.003810883000003,羅斯福路5段192巷33號至218巷2號對面
萬芳10號公園,121.56249237,25.001649857,文山區萬美街1段121號(往公訓中心方向)
萬芳11號公園,121.56307983,25.00304985,文山區萬美街2段2號
萬芳12號公園,121.56358337,25.001470566,萬利街30巷24至32號對面
萬芳13號公園,121.56539917,25.001729965,萬美街1段與萬樂街口
萬芳14號公園,121.56533051,25.000320435,萬利街33號邊
萬芳1號公園,121.56672668,24.999860764,萬利街4號邊
萬芳2號公園,121.56677246,24.999200821,萬芳路與萬利街口
萬芳3號公園,121.56710052,24.999250412,萬芳路與萬利街口
萬芳4號公園,121.56752777,25.00153923,文山區萬和街1號對面
萬芳6號公園,121.56918335,24.999500275,萬芳路與萬和街口
萬芳7號公園,121.56616211,25.001579285,文山區萬美街1段36號旁
萬芳8號公園,121.56046295,25.003009796,萬芳社區萬美街與興德路之間(公訓處前)
萬芳9號公園,121.56147766,25.001779556,文山區萬美街1段121號旁
萬盛公園,121.5410614,25.005149841,萬盛街130巷口
萬壽1號公園,121.58921814,24.987470627,萬壽路61巷旁，棲霞山莊旁
萬壽2號公園,121.58956146,24.987369537,萬壽路61巷旁，棲霞山莊旁
萬壽3號公園,121.58608246,24.985420227,萬壽路與政大一街間
萬興櫻花生態景觀公園,121.57310310000004,24.991541100000003,新光路一段66巷6弄
試院公園,121.5473175,24.987789154,木柵路1段89巷
福興公園,121.54815674,25.00399971,福興路63巷4號
樟林公園,121.55921173,24.984640121,忠順街1段121巷7弄12號前
樟新公園  ,121.55695343,24.979190826,一壽街49之3號
樟樹公園,121.55937195,24.982719421,忠順街1段26巷26弄口
樟興公園,121.55412292,24.980670929,木新路3段與辛亥路7段口
興旺公園,121.55046082,25.005840302,福興路82巷內
興家公園,121.56082153,24.994729996,興隆路三段207巷10弄旁
興泰公園,121.55548096,25.004810333,辛亥路四段166巷內
興隆公園,121.55108643,25.000139236,文山區仙岩路128號
興福公園,121.54596709999998,24.997119904,景華街121巷底
興德綠色步道,121.55953979,24.99477005,興隆路3段296號至304巷口(海巡署前)
興豐公園,121.55126953,25.000190735,興隆路2段123號旁
文山木柵60號綠地,121.58325195,25.000429153,新光路2段與萬福橋旁，動物園公務門前方
文山木柵68號綠地,121.5795517,24.983789444,指南路三段22巷巷口
木柵14號綠地,121.55152893,24.991630554,懷恩隧道口南側出入口
木柵17號秀明綠地,121.56481171,24.989030838,久康街木柵16號公園對面
木柵49號綠地,121.57366943,24.993080139,新光路1段185
木柵50號綠地,121.5750885,24.990789413,秀明路2段24巷
指南綠地,121.57967377,24.983009338,指南路3段24巷5號旁
軍功綠地,121.57267761,25.001279831,軍功路61巷
清溪綠地,121.58055115,24.985069275,指南路二段225巷旁
景美29號綠地,121.55181885,24.996370316,懷恩隧道口北側出入口
景美30號綠地,121.55519867,25.000749588,興隆路與興德路交叉口
景美32號綠地,121.55796051,25.009220123,辛亥隧道口南側
萬利綠地,121.56475067,25.000289917,萬利街41巷旁
